{
  "BackgroundColor": {
    "r": 0.9019608,
    "g": 0.9019608,
    "b": 0.9019608,
    "a": 1.0
  },
  "Pellet": {
    "Color": {
      "r": 0.1568628,
      "g": 0.5098039,
      "b": 0.5490196,
      "a": 1.0
    },
    "RowInset": 2,
    "ColumnInset": 2
  },
  "Snake": {
    "HeadColor": {
      "r": 0.0392157,
      "g": 0.0392157,
      "b": 0.0392157,
      "a": 1.0
    },
    "BodyColor": {
      "r": 0.3333333,
      "g": 0.3333333,
      "b": 0.3333333,
      "a": 1.0
    },
    "InitialSize": 4
  },
  "Grid": {
    "Rows": 18,
    "Columns": 32
  },
  "TimeSkipPerFrame": 0.06
}
